<?xml version="1.0" encoding="UTF-8"?>
<project-private xmlns="http://www.netbeans.org/ns/project-private/1">
    <editor-bookmarks xmlns="http://www.netbeans.org/ns/editor-bookmarks/2" lastBookmarkId="0"/>
    <open-files xmlns="http://www.netbeans.org/ns/projectui-open-files/2">
        <group>
            <file>file:/G:/Mi%20unidad/MisionTIC2022%20USA/Ciclo2/ProgramasRealizadosEnClases/G52/Project18Ago/src/CondiAnidado.java</file>
            <file>file:/G:/Mi%20unidad/MisionTIC2022%20USA/Ciclo2/ProgramasRealizadosEnClases/G52/Project18Ago/src/Main.java</file>
        </group>
    </open-files>
</project-private>
